timestamp,power_w,power_limit_w,clock_sm_mhz,clock_mem_mhz,temp_c,util_gpu_pct,util_mem_pct,mem_used_mib,pstate,throttle_sw_power_cap,throttle_hw_thermal,throttle_sw_thermal,throttle_hw_slowdown
2026/08/10 00:54:41.657,20.51,450.00,210,405,43,3,5,1381,P8,Not Active,Not Active,Not Active,Not Active
2026/08/10 00:54:42.273,20.44,450.00,210,405,43,4,5,1381,P8,Not Active,Not Active,Not Active,Not Active
2026/08/10 00:54:42.896,20.47,450.00,210,405,43,2,5,1381,P8,Not Active,Not Active,Not Active,Not Active
2026/08/10 00:54:43.500,20.36,450.00,210,405,43,1,5,1381,P8,Not Active,Not Active,Not Active,Not Active
2026/08/10 00:54:44.113,20.38,450.00,210,405,43,0,5,1381,P8,Not Active,Not Active,Not Active,Not Active
2026/08/10 00:54:44.721,20.31,450.00,210,405,43,6,5,1381,P8,Not Active,Not Active,Not Active,Not Active
2026/08/10 00:54:45.334,20.17,450.00,210,405,43,3,5,1381,P8,Not Active,Not Active,Not Active,Not Active
2026/08/10 00:54:45.943,20.28,450.00,210,405,43,2,5,1381,P8,Not Active,Not Active,Not Active,Not Active
2026/08/10 00:54:46.557,20.41,450.00,210,405,43,2,5,1381,P8,Not Active,Not Active,Not Active,Not Active
2026/08/10 00:54:47.172,20.48,450.00,210,405,43,2,5,1384,P8,Not Active,Not Active,Not Active,Not Active
2026/08/10 00:54:47.792,20.33,450.00,210,405,43,1,5,1381,P8,Not Active,Not Active,Not Active,Not Active
2026/08/10 00:54:48.413,20.33,450.00,210,405,43,3,5,1381,P8,Not Active,Not Active,Not Active,Not Active
2026/08/10 00:54:49.031,20.42,450.00,210,405,42,6,5,1381,P8,Not Active,Not Active,Not Active,Not Active
2026/08/10 00:54:49.634,20.26,450.00,210,405,42,4,5,1381,P8,Not Active,Not Active,Not Active,Not Active
2026/08/10 00:54:50.240,20.26,450.00,210,405,42,2,5,1381,P8,Not Active,Not Active,Not Active,Not Active
2026/08/10 00:54:50.852,20.55,450.00,210,405,42,4,5,1381,P8,Not Active,Not Active,Not Active,Not Active
2026/08/10 00:54:51.470,20.75,450.00,210,405,42,2,5,1381,P8,Not Active,Not Active,Not Active,Not Active
2026/08/10 00:54:52.089,20.59,450.00,210,405,42,1,5,1381,P8,Not Active,Not Active,Not Active,Not Active
2026/08/10 00:54:52.710,20.47,450.00,210,405,42,3,5,1381,P8,Not Active,Not Active,Not Active,Not Active
2026/08/10 00:54:53.320,20.58,450.00,210,405,42,5,5,1381,P8,Not Active,Not Active,Not Active,Not Active
2026/08/10 00:54:53.938,20.34,450.00,210,405,42,1,5,1381,P8,Not Active,Not Active,Not Active,Not Active
2026/08/10 00:54:54.544,19.91,450.00,210,405,42,3,5,1381,P8,Not Active,Not Active,Not Active,Not Active
2026/08/10 00:54:55.163,19.95,450.00,210,405,42,2,5,1381,P8,Not Active,Not Active,Not Active,Not Active
2026/08/10 00:54:55.768,20.24,450.00,210,405,42,3,5,1381,P8,Not Active,Not Active,Not Active,Not Active
2026/08/10 00:54:56.378,20.53,450.00,210,405,42,2,5,1381,P8,Not Active,Not Active,Not Active,Not Active
2026/08/10 00:54:56.988,20.52,450.00,210,405,42,1,5,1381,P8,Not Active,Not Active,Not Active,Not Active
2026/08/10 00:54:57.603,20.39,450.00,210,405,42,2,5,1381,P8,Not Active,Not Active,Not Active,Not Active
2026/08/10 00:54:58.208,20.43,450.00,210,405,42,4,5,1381,P8,Not Active,Not Active,Not Active,Not Active
2026/08/10 00:54:58.815,20.33,450.00,210,405,42,3,5,1381,P8,Not Active,Not Active,Not Active,Not Active
2026/08/10 00:54:59.430,20.26,450.00,210,405,41,4,5,1381,P8,Not Active,Not Active,Not Active,Not Active
2026/08/10 00:55:00.049,20.00,450.00,210,405,41,0,5,1381,P8,Not Active,Not Active,Not Active,Not Active
2026/08/10 00:55:00.676,20.01,450.00,210,405,41,0,5,1381,P8,Not Active,Not Active,Not Active,Not Active
2026/08/10 00:55:01.286,20.26,450.00,210,405,41,1,5,1381,P8,Not Active,Not Active,Not Active,Not Active
2026/08/10 00:55:01.904,20.20,450.00,210,405,41,2,5,1381,P8,Not Active,Not Active,Not Active,Not Active
2026/08/10 00:55:02.516,19.63,450.00,210,405,41,2,5,1381,P8,Not Active,Not Active,Not Active,Not Active
2026/08/10 00:55:03.127,19.61,450.00,210,405,41,0,5,1381,P8,Not Active,Not Active,Not Active,Not Active
2026/08/10 00:55:03.746,20.04,450.00,210,405,41,0,5,1381,P8,Not Active,Not Active,Not Active,Not Active
2026/08/10 00:55:04.352,20.17,450.00,210,405,41,0,5,1381,P8,Not Active,Not Active,Not Active,Not Active
2026/08/10 00:55:04.968,20.10,450.00,210,405,41,0,5,1381,P8,Not Active,Not Active,Not Active,Not Active
2026/08/10 00:55:05.585,20.16,450.00,210,405,41,0,5,1381,P8,Not Active,Not Active,Not Active,Not Active
2026/08/10 00:55:06.210,20.07,450.00,210,405,41,0,5,1381,P8,Not Active,Not Active,Not Active,Not Active
2026/08/10 00:55:06.825,19.89,450.00,210,405,41,0,5,1381,P8,Not Active,Not Active,Not Active,Not Active
2026/08/10 00:55:07.437,19.89,450.00,210,405,41,0,5,1381,P8,Not Active,Not Active,Not Active,Not Active
2026/08/10 00:55:08.040,20.16,450.00,210,405,41,2,5,1381,P8,Not Active,Not Active,Not Active,Not Active
2026/08/10 00:55:08.646,20.11,450.00,210,405,41,0,5,1381,P8,Not Active,Not Active,Not Active,Not Active
2026/08/10 00:55:09.265,19.92,450.00,210,405,41,10,6,1381,P8,Not Active,Not Active,Not Active,Not Active
2026/08/10 00:55:09.882,19.80,450.00,210,405,41,0,5,1381,P8,Not Active,Not Active,Not Active,Not Active
2026/08/10 00:55:10.497,19.71,450.00,210,405,41,0,5,1381,P8,Not Active,Not Active,Not Active,Not Active
2026/08/10 00:55:11.100,19.18,450.00,210,405,41,0,5,1381,P8,Not Active,Not Active,Not Active,Not Active
2026/08/10 00:55:11.704,19.18,450.00,210,405,40,0,5,1381,P8,Not Active,Not Active,Not Active,Not Active
2026/08/10 00:55:12.311,19.15,450.00,210,405,40,0,5,1381,P8,Not Active,Not Active,Not Active,Not Active
2026/08/10 00:55:12.916,19.15,450.00,210,405,40,0,5,1381,P8,Not Active,Not Active,Not Active,Not Active
2026/08/10 00:55:13.517,19.29,450.00,210,405,40,0,5,1381,P8,Not Active,Not Active,Not Active,Not Active
2026/08/10 00:55:14.114,19.45,450.00,210,405,40,0,5,1381,P8,Not Active,Not Active,Not Active,Not Active
2026/08/10 00:55:14.709,19.45,450.00,210,405,40,0,5,1381,P8,Not Active,Not Active,Not Active,Not Active
2026/08/10 00:55:15.308,19.32,450.00,210,405,40,0,5,1381,P8,Not Active,Not Active,Not Active,Not Active
2026/08/10 00:55:15.904,19.32,450.00,210,405,40,0,5,1381,P8,Not Active,Not Active,Not Active,Not Active
2026/08/10 00:55:16.507,19.40,450.00,210,405,40,0,5,1381,P8,Not Active,Not Active,Not Active,Not Active
2026/08/10 00:55:17.107,19.70,450.00,210,405,40,0,5,1381,P8,Not Active,Not Active,Not Active,Not Active
2026/08/10 00:55:17.703,19.70,450.00,210,405,40,0,5,1381,P8,Not Active,Not Active,Not Active,Not Active
2026/08/10 00:55:18.305,20.02,450.00,210,405,40,0,5,1381,P8,Not Active,Not Active,Not Active,Not Active
2026/08/10 00:55:18.912,20.02,450.00,210,405,40,0,5,1381,P8,Not Active,Not Active,Not Active,Not Active
2026/08/10 00:55:19.526,20.16,450.00,210,405,40,0,5,1381,P8,Not Active,Not Active,Not Active,Not Active
2026/08/10 00:55:20.131,19.90,450.00,210,405,40,0,5,1381,P8,Not Active,Not Active,Not Active,Not Active
2026/08/10 00:55:20.732,19.90,450.00,210,405,40,0,5,1381,P8,Not Active,Not Active,Not Active,Not Active
2026/08/10 00:55:21.334,19.68,450.00,210,405,40,0,5,1381,P8,Not Active,Not Active,Not Active,Not Active
2026/08/10 00:55:21.932,19.68,450.00,210,405,40,0,5,1381,P8,Not Active,Not Active,Not Active,Not Active
2026/08/10 00:55:22.536,19.70,450.00,210,405,40,0,5,1381,P8,Not Active,Not Active,Not Active,Not Active
2026/08/10 00:55:23.145,19.90,450.00,210,405,40,0,5,1381,P8,Not Active,Not Active,Not Active,Not Active
2026/08/10 00:55:23.741,19.90,450.00,210,405,40,0,5,1381,P8,Not Active,Not Active,Not Active,Not Active
2026/08/10 00:55:24.346,19.90,450.00,210,405,40,0,5,1381,P8,Not Active,Not Active,Not Active,Not Active
2026/08/10 00:55:24.942,19.90,450.00,210,405,39,0,5,1381,P8,Not Active,Not Active,Not Active,Not Active
2026/08/10 00:55:25.549,19.68,450.00,210,405,39,0,5,1381,P8,Not Active,Not Active,Not Active,Not Active
2026/08/10 00:55:26.161,19.91,450.00,210,405,39,0,5,1381,P8,Not Active,Not Active,Not Active,Not Active
2026/08/10 00:55:26.779,19.96,450.00,210,405,39,0,5,1381,P8,Not Active,Not Active,Not Active,Not Active
2026/08/10 00:55:27.378,19.98,450.00,210,405,39,0,5,1381,P8,Not Active,Not Active,Not Active,Not Active
2026/08/10 00:55:27.980,19.98,450.00,210,405,39,0,5,1381,P8,Not Active,Not Active,Not Active,Not Active
2026/08/10 00:55:28.573,19.98,450.00,210,405,39,0,5,1381,P8,Not Active,Not Active,Not Active,Not Active
2026/08/10 00:55:29.177,19.98,450.00,210,405,39,0,5,1381,P8,Not Active,Not Active,Not Active,Not Active
2026/08/10 00:55:29.786,19.90,450.00,210,405,39,0,5,1381,P8,Not Active,Not Active,Not Active,Not Active
2026/08/10 00:55:30.391,20.00,450.00,210,405,39,0,5,1381,P8,Not Active,Not Active,Not Active,Not Active
2026/08/10 00:55:30.991,20.00,450.00,210,405,39,0,5,1381,P8,Not Active,Not Active,Not Active,Not Active
2026/08/10 00:55:31.596,19.93,450.00,210,405,39,0,5,1381,P8,Not Active,Not Active,Not Active,Not Active
2026/08/10 00:55:32.203,19.93,450.00,210,405,39,0,5,1381,P8,Not Active,Not Active,Not Active,Not Active
2026/08/10 00:55:32.815,19.79,450.00,210,405,39,0,5,1381,P8,Not Active,Not Active,Not Active,Not Active
2026/08/10 00:55:33.422,19.76,450.00,210,405,39,0,5,1381,P8,Not Active,Not Active,Not Active,Not Active
2026/08/10 00:55:34.021,19.76,450.00,210,405,39,0,5,1381,P8,Not Active,Not Active,Not Active,Not Active
2026/08/10 00:55:34.624,19.53,450.00,210,405,39,0,5,1381,P8,Not Active,Not Active,Not Active,Not Active
2026/08/10 00:55:35.229,19.58,450.00,210,405,39,0,5,1384,P8,Not Active,Not Active,Not Active,Not Active
2026/08/10 00:55:35.853,19.76,450.00,210,405,39,0,5,1381,P8,Not Active,Not Active,Not Active,Not Active
2026/08/10 00:55:36.460,19.92,450.00,210,405,39,0,5,1381,P8,Not Active,Not Active,Not Active,Not Active
2026/08/10 00:55:37.074,20.02,450.00,210,405,39,0,5,1381,P8,Not Active,Not Active,Not Active,Not Active
2026/08/10 00:55:37.674,20.02,450.00,210,405,39,0,5,1381,P8,Not Active,Not Active,Not Active,Not Active
2026/08/10 00:55:38.283,20.09,450.00,210,405,39,0,5,1381,P8,Not Active,Not Active,Not Active,Not Active
2026/08/10 00:55:38.884,20.00,450.00,210,405,39,0,5,1381,P8,Not Active,Not Active,Not Active,Not Active
2026/08/10 00:55:39.498,20.00,450.00,210,405,39,0,5,1381,P8,Not Active,Not Active,Not Active,Not Active
2026/08/10 00:55:40.107,19.98,450.00,210,405,39,0,5,1381,P8,Not Active,Not Active,Not Active,Not Active
2026/08/10 00:55:40.708,19.84,450.00,210,405,39,0,5,1381,P8,Not Active,Not Active,Not Active,Not Active
2026/08/10 00:55:41.306,19.84,450.00,210,405,38,0,5,1381,P8,Not Active,Not Active,Not Active,Not Active
2026/08/10 00:55:41.907,19.62,450.00,210,405,38,0,5,1381,P8,Not Active,Not Active,Not Active,Not Active
2026/08/10 00:55:42.517,19.62,450.00,210,405,38,0,5,1381,P8,Not Active,Not Active,Not Active,Not Active
2026/08/10 00:55:43.120,19.42,450.00,210,405,38,0,5,1381,P8,Not Active,Not Active,Not Active,Not Active
2026/08/10 00:55:43.717,19.17,450.00,210,405,38,0,5,1381,P8,Not Active,Not Active,Not Active,Not Active
2026/08/10 00:55:44.308,19.17,450.00,210,405,38,0,5,1381,P8,Not Active,Not Active,Not Active,Not Active
2026/08/10 00:55:44.910,19.14,450.00,210,405,38,0,5,1381,P8,Not Active,Not Active,Not Active,Not Active
2026/08/10 00:55:45.512,19.14,450.00,210,405,38,0,5,1381,P8,Not Active,Not Active,Not Active,Not Active
2026/08/10 00:55:46.122,19.31,450.00,210,405,38,0,5,1381,P8,Not Active,Not Active,Not Active,Not Active
2026/08/10 00:55:46.726,19.39,450.00,210,405,38,0,5,1381,P8,Not Active,Not Active,Not Active,Not Active
2026/08/10 00:55:47.332,19.39,450.00,210,405,38,0,5,1381,P8,Not Active,Not Active,Not Active,Not Active
2026/08/10 00:55:47.934,19.50,450.00,210,405,38,0,5,1381,P8,Not Active,Not Active,Not Active,Not Active
2026/08/10 00:55:48.535,19.50,450.00,210,405,38,0,5,1381,P8,Not Active,Not Active,Not Active,Not Active
2026/08/10 00:55:49.138,19.48,450.00,210,405,38,0,5,1381,P8,Not Active,Not Active,Not Active,Not Active
2026/08/10 00:55:49.744,19.19,450.00,210,405,38,0,5,1381,P8,Not Active,Not Active,Not Active,Not Active
2026/08/10 00:55:50.341,19.19,450.00,210,405,38,0,5,1381,P8,Not Active,Not Active,Not Active,Not Active
2026/08/10 00:55:50.941,19.16,450.00,210,405,38,0,5,1381,P8,Not Active,Not Active,Not Active,Not Active
2026/08/10 00:55:51.542,19.16,450.00,210,405,38,0,5,1381,P8,Not Active,Not Active,Not Active,Not Active
2026/08/10 00:55:52.145,19.57,450.00,210,405,38,0,5,1381,P8,Not Active,Not Active,Not Active,Not Active
2026/08/10 00:55:52.747,19.78,450.00,210,405,38,0,5,1381,P8,Not Active,Not Active,Not Active,Not Active
2026/08/10 00:55:53.352,19.78,450.00,210,405,38,0,5,1381,P8,Not Active,Not Active,Not Active,Not Active
2026/08/10 00:55:53.958,19.65,450.00,210,405,38,0,5,1381,P8,Not Active,Not Active,Not Active,Not Active
2026/08/10 00:55:54.563,19.65,450.00,210,405,38,0,5,1381,P8,Not Active,Not Active,Not Active,Not Active
2026/08/10 00:55:55.186,19.58,450.00,210,405,38,0,5,1381,P8,Not Active,Not Active,Not Active,Not Active
2026/08/10 00:55:55.788,19.67,450.00,210,405,38,0,5,1381,P8,Not Active,Not Active,Not Active,Not Active
2026/08/10 00:55:56.387,19.67,450.00,210,405,38,0,5,1381,P8,Not Active,Not Active,Not Active,Not Active
2026/08/10 00:55:56.986,19.63,450.00,210,405,38,0,5,1381,P8,Not Active,Not Active,Not Active,Not Active
2026/08/10 00:55:57.592,19.63,450.00,210,405,38,0,5,1381,P8,Not Active,Not Active,Not Active,Not Active
2026/08/10 00:55:58.188,19.64,450.00,210,405,38,0,5,1381,P8,Not Active,Not Active,Not Active,Not Active
2026/08/10 00:55:58.781,19.65,450.00,210,405,38,0,5,1381,P8,Not Active,Not Active,Not Active,Not Active
2026/08/10 00:55:59.382,19.65,450.00,210,405,38,0,5,1381,P8,Not Active,Not Active,Not Active,Not Active
2026/08/10 00:55:59.984,19.58,450.00,210,405,38,0,5,1381,P8,Not Active,Not Active,Not Active,Not Active
2026/08/10 00:56:00.594,19.58,450.00,210,405,38,0,5,1381,P8,Not Active,Not Active,Not Active,Not Active
2026/08/10 00:56:01.196,19.33,450.00,210,405,38,0,5,1381,P8,Not Active,Not Active,Not Active,Not Active
2026/08/10 00:56:01.809,19.27,450.00,210,405,38,0,5,1381,P8,Not Active,Not Active,Not Active,Not Active
2026/08/10 00:56:02.416,19.27,450.00,210,405,38,0,5,1381,P8,Not Active,Not Active,Not Active,Not Active
2026/08/10 00:56:03.019,19.67,450.00,210,405,38,0,5,1381,P8,Not Active,Not Active,Not Active,Not Active
2026/08/10 00:56:03.625,19.67,450.00,210,405,37,0,5,1381,P8,Not Active,Not Active,Not Active,Not Active
2026/08/10 00:56:04.224,19.59,450.00,210,405,37,0,5,1381,P8,Not Active,Not Active,Not Active,Not Active
2026/08/10 00:56:04.824,19.54,450.00,210,405,37,0,5,1381,P8,Not Active,Not Active,Not Active,Not Active
2026/08/10 00:56:05.436,19.54,450.00,210,405,37,0,5,1381,P8,Not Active,Not Active,Not Active,Not Active
2026/08/10 00:56:06.042,19.66,450.00,210,405,37,0,5,1381,P8,Not Active,Not Active,Not Active,Not Active
2026/08/10 00:56:06.642,19.66,450.00,210,405,37,0,5,1381,P8,Not Active,Not Active,Not Active,Not Active
2026/08/10 00:56:07.248,19.72,450.00,210,405,37,0,5,1381,P8,Not Active,Not Active,Not Active,Not Active
2026/08/10 00:56:07.847,19.54,450.00,210,405,37,0,5,1381,P8,Not Active,Not Active,Not Active,Not Active
2026/08/10 00:56:08.458,19.54,450.00,210,405,37,0,5,1381,P8,Not Active,Not Active,Not Active,Not Active
2026/08/10 00:56:09.065,19.59,450.00,210,405,37,0,5,1381,P8,Not Active,Not Active,Not Active,Not Active
2026/08/10 00:56:09.671,19.59,450.00,210,405,37,0,5,1381,P8,Not Active,Not Active,Not Active,Not Active
2026/08/10 00:56:10.274,19.81,450.00,210,405,37,0,5,1381,P8,Not Active,Not Active,Not Active,Not Active
2026/08/10 00:56:10.879,19.78,450.00,210,405,37,0,5,1381,P8,Not Active,Not Active,Not Active,Not Active
2026/08/10 00:56:11.485,19.78,450.00,210,405,37,0,5,1381,P8,Not Active,Not Active,Not Active,Not Active
2026/08/10 00:56:12.091,19.75,450.00,210,405,37,0,5,1381,P8,Not Active,Not Active,Not Active,Not Active
2026/08/10 00:56:12.693,19.75,450.00,210,405,37,0,5,1381,P8,Not Active,Not Active,Not Active,Not Active
2026/08/10 00:56:13.300,19.58,450.00,210,405,37,0,5,1381,P8,Not Active,Not Active,Not Active,Not Active
2026/08/10 00:56:13.903,19.49,450.00,210,405,37,0,5,1381,P8,Not Active,Not Active,Not Active,Not Active
2026/08/10 00:56:14.508,19.49,450.00,210,405,37,0,5,1381,P8,Not Active,Not Active,Not Active,Not Active
2026/08/10 00:56:15.122,19.52,450.00,210,405,37,0,5,1381,P8,Not Active,Not Active,Not Active,Not Active
2026/08/10 00:56:15.724,19.52,450.00,210,405,37,0,5,1381,P8,Not Active,Not Active,Not Active,Not Active
2026/08/10 00:56:16.329,19.52,450.00,210,405,37,0,5,1381,P8,Not Active,Not Active,Not Active,Not Active
2026/08/10 00:56:16.938,19.58,450.00,210,405,37,0,5,1381,P8,Not Active,Not Active,Not Active,Not Active
2026/08/10 00:56:17.549,19.59,450.00,210,405,37,0,5,1381,P8,Not Active,Not Active,Not Active,Not Active
2026/08/10 00:56:18.160,19.60,450.00,210,405,37,0,5,1381,P8,Not Active,Not Active,Not Active,Not Active
2026/08/10 00:56:18.764,19.60,450.00,210,405,37,0,5,1381,P8,Not Active,Not Active,Not Active,Not Active
2026/08/10 00:56:19.367,19.47,450.00,210,405,37,0,5,1381,P8,Not Active,Not Active,Not Active,Not Active
2026/08/10 00:56:19.964,19.39,450.00,210,405,37,0,5,1381,P8,Not Active,Not Active,Not Active,Not Active
2026/08/10 00:56:20.567,19.39,450.00,210,405,37,0,5,1381,P8,Not Active,Not Active,Not Active,Not Active
2026/08/10 00:56:21.176,19.29,450.00,210,405,37,0,5,1381,P8,Not Active,Not Active,Not Active,Not Active
2026/08/10 00:56:21.784,19.29,450.00,210,405,37,0,5,1381,P8,Not Active,Not Active,Not Active,Not Active
2026/08/10 00:56:22.381,19.31,450.00,210,405,37,0,5,1381,P8,Not Active,Not Active,Not Active,Not Active
2026/08/10 00:56:22.977,19.00,450.00,210,405,37,0,5,1381,P8,Not Active,Not Active,Not Active,Not Active
2026/08/10 00:56:23.572,19.00,450.00,210,405,37,0,5,1381,P8,Not Active,Not Active,Not Active,Not Active
2026/08/10 00:56:24.165,18.57,450.00,210,405,37,0,5,1381,P8,Not Active,Not Active,Not Active,Not Active
2026/08/10 00:56:24.764,18.57,450.00,210,405,37,0,5,1381,P8,Not Active,Not Active,Not Active,Not Active
2026/08/10 00:56:25.355,18.50,450.00,210,405,37,0,5,1381,P8,Not Active,Not Active,Not Active,Not Active
2026/08/10 00:56:25.957,18.52,450.00,210,405,37,0,5,1381,P8,Not Active,Not Active,Not Active,Not Active
2026/08/10 00:56:26.558,18.52,450.00,210,405,37,0,5,1381,P8,Not Active,Not Active,Not Active,Not Active
2026/08/10 00:56:27.162,18.76,450.00,210,405,37,0,5,1381,P8,Not Active,Not Active,Not Active,Not Active
2026/08/10 00:56:27.769,18.76,450.00,210,405,37,0,5,1381,P8,Not Active,Not Active,Not Active,Not Active
2026/08/10 00:56:28.381,19.21,450.00,210,405,37,0,5,1381,P8,Not Active,Not Active,Not Active,Not Active
2026/08/10 00:56:28.984,19.60,450.00,210,405,37,0,5,1381,P8,Not Active,Not Active,Not Active,Not Active
2026/08/10 00:56:29.594,19.60,450.00,210,405,37,0,5,1381,P8,Not Active,Not Active,Not Active,Not Active
2026/08/10 00:56:30.198,19.71,450.00,210,405,37,0,5,1381,P8,Not Active,Not Active,Not Active,Not Active
2026/08/10 00:56:30.803,19.65,450.00,210,405,37,0,5,1381,P8,Not Active,Not Active,Not Active,Not Active
2026/08/10 00:56:31.406,19.65,450.00,210,405,37,0,5,1381,P8,Not Active,Not Active,Not Active,Not Active
2026/08/10 00:56:32.014,19.46,450.00,210,405,37,0,5,1381,P8,Not Active,Not Active,Not Active,Not Active
2026/08/10 00:56:32.611,19.46,450.00,210,405,37,0,5,1381,P8,Not Active,Not Active,Not Active,Not Active
2026/08/10 00:56:33.214,19.22,450.00,210,405,37,0,5,1381,P8,Not Active,Not Active,Not Active,Not Active
2026/08/10 00:56:33.813,19.27,450.00,210,405,37,0,5,1381,P8,Not Active,Not Active,Not Active,Not Active
2026/08/10 00:56:34.420,19.27,450.00,210,405,36,0,5,1381,P8,Not Active,Not Active,Not Active,Not Active
2026/08/10 00:56:35.019,19.50,450.00,210,405,36,0,5,1381,P8,Not Active,Not Active,Not Active,Not Active
2026/08/10 00:56:35.620,19.50,450.00,210,405,36,0,5,1381,P8,Not Active,Not Active,Not Active,Not Active
2026/08/10 00:56:36.235,19.55,450.00,210,405,36,0,5,1381,P8,Not Active,Not Active,Not Active,Not Active
2026/08/10 00:56:36.839,19.49,450.00,210,405,36,0,5,1381,P8,Not Active,Not Active,Not Active,Not Active
2026/08/10 00:56:37.445,19.49,450.00,210,405,36,0,5,1381,P8,Not Active,Not Active,Not Active,Not Active
2026/08/10 00:56:38.051,19.76,450.00,210,405,36,0,5,1381,P8,Not Active,Not Active,Not Active,Not Active
2026/08/10 00:56:38.655,19.76,450.00,210,405,36,0,5,1381,P8,Not Active,Not Active,Not Active,Not Active
2026/08/10 00:56:39.262,19.92,450.00,210,405,36,0,5,1381,P8,Not Active,Not Active,Not Active,Not Active
2026/08/10 00:56:39.860,19.60,450.00,210,405,36,0,5,1381,P8,Not Active,Not Active,Not Active,Not Active
2026/08/10 00:56:40.459,19.60,450.00,210,405,36,0,5,1381,P8,Not Active,Not Active,Not Active,Not Active
2026/08/10 00:56:41.067,19.31,450.00,210,405,36,0,5,1381,P8,Not Active,Not Active,Not Active,Not Active
2026/08/10 00:56:41.670,19.31,450.00,210,405,36,0,5,1381,P8,Not Active,Not Active,Not Active,Not Active
2026/08/10 00:56:42.274,19.31,450.00,210,405,36,0,5,1381,P8,Not Active,Not Active,Not Active,Not Active
2026/08/10 00:56:42.887,19.45,450.00,210,405,36,0,5,1381,P8,Not Active,Not Active,Not Active,Not Active
2026/08/10 00:56:43.488,19.45,450.00,210,405,36,0,5,1381,P8,Not Active,Not Active,Not Active,Not Active
2026/08/10 00:56:44.100,19.57,450.00,210,405,36,0,5,1381,P8,Not Active,Not Active,Not Active,Not Active
2026/08/10 00:56:44.704,19.57,450.00,210,405,36,0,5,1381,P8,Not Active,Not Active,Not Active,Not Active
2026/08/10 00:56:45.306,19.49,450.00,210,405,36,0,5,1381,P8,Not Active,Not Active,Not Active,Not Active
2026/08/10 00:56:45.920,19.67,450.00,210,405,36,0,5,1381,P8,Not Active,Not Active,Not Active,Not Active
2026/08/10 00:56:46.537,19.63,450.00,210,405,36,0,5,1381,P8,Not Active,Not Active,Not Active,Not Active
2026/08/10 00:56:47.142,19.63,450.00,210,405,36,0,5,1381,P8,Not Active,Not Active,Not Active,Not Active
2026/08/10 00:56:47.745,19.73,450.00,210,405,36,0,5,1381,P8,Not Active,Not Active,Not Active,Not Active
2026/08/10 00:56:48.359,19.64,450.00,210,405,36,0,5,1381,P8,Not Active,Not Active,Not Active,Not Active
2026/08/10 00:56:48.959,19.64,450.00,210,405,36,0,5,1381,P8,Not Active,Not Active,Not Active,Not Active
2026/08/10 00:56:49.564,19.70,450.00,210,405,36,0,5,1381,P8,Not Active,Not Active,Not Active,Not Active
2026/08/10 00:56:50.167,19.70,450.00,210,405,36,0,5,1381,P8,Not Active,Not Active,Not Active,Not Active
2026/08/10 00:56:50.774,19.62,450.00,210,405,36,3,5,1381,P8,Not Active,Not Active,Not Active,Not Active
2026/08/10 00:56:51.380,19.63,450.00,210,405,36,0,5,1381,P8,Not Active,Not Active,Not Active,Not Active
2026/08/10 00:56:51.996,19.61,450.00,210,405,36,0,5,1381,P8,Not Active,Not Active,Not Active,Not Active
2026/08/10 00:56:52.604,19.24,450.00,210,405,36,0,5,1381,P8,Not Active,Not Active,Not Active,Not Active
2026/08/10 00:56:53.205,19.24,450.00,210,405,36,0,5,1381,P8,Not Active,Not Active,Not Active,Not Active
2026/08/10 00:56:53.809,19.59,450.00,210,405,36,0,5,1381,P8,Not Active,Not Active,Not Active,Not Active
2026/08/10 00:56:54.405,19.59,450.00,210,405,36,0,5,1381,P8,Not Active,Not Active,Not Active,Not Active
2026/08/10 00:56:55.003,19.74,450.00,210,405,36,0,5,1381,P8,Not Active,Not Active,Not Active,Not Active
2026/08/10 00:56:55.608,19.29,450.00,210,405,36,0,5,1381,P8,Not Active,Not Active,Not Active,Not Active
2026/08/10 00:56:56.207,19.29,450.00,210,405,36,0,5,1381,P8,Not Active,Not Active,Not Active,Not Active
2026/08/10 00:56:56.814,19.31,450.00,210,405,36,1,5,1384,P8,Not Active,Not Active,Not Active,Not Active
2026/08/10 00:56:57.434,19.42,450.00,210,405,36,0,5,1384,P8,Not Active,Not Active,Not Active,Not Active
2026/08/10 00:56:58.050,19.64,450.00,210,405,36,0,5,1381,P8,Not Active,Not Active,Not Active,Not Active
2026/08/10 00:56:58.663,19.52,450.00,210,405,36,0,5,1381,P8,Not Active,Not Active,Not Active,Not Active
2026/08/10 00:56:59.265,19.52,450.00,210,405,36,0,5,1381,P8,Not Active,Not Active,Not Active,Not Active
2026/08/10 00:56:59.872,19.18,450.00,210,405,36,0,5,1381,P8,Not Active,Not Active,Not Active,Not Active
2026/08/10 00:57:00.476,19.18,450.00,210,405,36,0,5,1381,P8,Not Active,Not Active,Not Active,Not Active
2026/08/10 00:57:01.077,18.81,450.00,210,405,36,0,5,1381,P8,Not Active,Not Active,Not Active,Not Active
2026/08/10 00:57:01.695,18.86,450.00,210,405,36,0,5,1381,P8,Not Active,Not Active,Not Active,Not Active
2026/08/10 00:57:02.309,18.87,450.00,210,405,36,0,5,1381,P8,Not Active,Not Active,Not Active,Not Active
2026/08/10 00:57:02.916,18.90,450.00,210,405,36,0,5,1381,P8,Not Active,Not Active,Not Active,Not Active
2026/08/10 00:57:03.525,18.90,450.00,210,405,36,0,5,1381,P8,Not Active,Not Active,Not Active,Not Active
2026/08/10 00:57:04.125,18.76,450.00,210,405,36,0,5,1381,P8,Not Active,Not Active,Not Active,Not Active
2026/08/10 00:57:04.728,18.76,450.00,210,405,36,0,5,1381,P8,Not Active,Not Active,Not Active,Not Active
2026/08/10 00:57:05.331,18.62,450.00,210,405,36,0,5,1381,P8,Not Active,Not Active,Not Active,Not Active
2026/08/10 00:57:05.935,18.75,450.00,210,405,36,0,5,1381,P8,Not Active,Not Active,Not Active,Not Active
2026/08/10 00:57:06.538,18.75,450.00,210,405,36,0,5,1381,P8,Not Active,Not Active,Not Active,Not Active
2026/08/10 00:57:07.141,18.89,450.00,210,405,36,0,5,1381,P8,Not Active,Not Active,Not Active,Not Active
2026/08/10 00:57:07.738,18.89,450.00,210,405,36,0,5,1381,P8,Not Active,Not Active,Not Active,Not Active
2026/08/10 00:57:08.344,18.91,450.00,210,405,36,0,5,1381,P8,Not Active,Not Active,Not Active,Not Active
2026/08/10 00:57:08.948,18.88,450.00,210,405,36,0,5,1381,P8,Not Active,Not Active,Not Active,Not Active
2026/08/10 00:57:09.555,18.88,450.00,210,405,36,0,5,1381,P8,Not Active,Not Active,Not Active,Not Active
2026/08/10 00:57:10.157,18.89,450.00,210,405,36,0,5,1381,P8,Not Active,Not Active,Not Active,Not Active
2026/08/10 00:57:10.771,18.89,450.00,210,405,36,0,5,1381,P8,Not Active,Not Active,Not Active,Not Active
2026/08/10 00:57:11.386,18.87,450.00,210,405,36,0,5,1381,P8,Not Active,Not Active,Not Active,Not Active
2026/08/10 00:57:11.985,18.96,450.00,210,405,36,0,5,1381,P8,Not Active,Not Active,Not Active,Not Active
